Serial,Id,predicted_dna,protein_sequence,organism_name
1,seq_1,AATTATATG,AACTATATG,test_organism
2,seq_2,ATTATAGCATTATATTCC,ATCATTGCTTTATATTCC,test_organism
3,seq_3,ATTATAATTATAATTATA,ATAATCATCATCATAATC,test_organism
4,seq_4,GCATTATATAATTATATGATTATATCAAGC,GCCTTATATAACTATATGATAATTTCAAGC,test_organism
5,seq_5,AATTATATGATTATA,AACTATATGATCATC,test_organism
6,seq_6,AATTATATGATTATAAATTATATGTCA,AACTATATGATCATTAACTATATGTCA,test_organism
7,seq_7,GCATTATAT,GCCTTATAT,test_organism
8,seq_8,ATTATAAATTATATGTCC,ATCATCAACTATATGTCC,test_organism
9,seq_9,AATTATATGATTATA,AACTATATGATCATC,test_organism
10,seq_10,AATTATATGATTATAAATTATATGAGT,AACTATATGATAATCAACTATATGAGT,test_organism
11,seq_11,ATTATAGCATTATATGCATTATATTCT,ATAATCGCCTTATATGCTTTATATTCT,test_organism
12,seq_12,ATTATAGCATTATATATTATATCT,ATAATTGCCTTATATATCATCTCT,test_organism
13,seq_13,AATTATATGGCATTATATAGC,AACTATATGGCGTTATATAGC,test_organism
14,seq_14,ATTATAAATTATATGTCG,ATAATTAACTATATGTCG,test_organism
15,seq_15,ATTATAATTATA,ATCATTATCATC,test_organism
16,seq_16,GCATTATATGCATTATATATTATA,GCGTTATATGCCTTATATATCATT,test_organism
17,seq_17,ATTATAGCATTATATAGCAGT,ATAATCGCCTTATATAGCAGT,test_organism
18,seq_18,AATTATATGATTATA,AACTATATGATCATC,test_organism
19,seq_19,GCATTATATGCATTATATAGTTCA,GCTTTATATGCTTTATATAGTTCA,test_organism
20,seq_20,AATTATATGATTATAATTATAAGC,AACTATATGATCATTATCATCAGC,test_organism
21,seq_21,ATTATAGCATTATAT,ATCATTGCCTTATAT,test_organism
22,seq_22,AATTATATGATTATAATTATATCT,AACTATATGATCATTATCATTTCT,test_organism
23,seq_23,ATAATTATAATC,ATAATTATAATC,test_organism
24,seq_24,ATTATATCGTCA,ATCATTTCGTCA,test_organism
25,seq_25,GCATTATATATTATAATTATATCAAGT,GCTTTATATATAATTATCATTTCAAGT,test_organism
26,seq_26,ATTATA,ATCATC,test_organism
27,seq_27,AATTATATGAATTATATGATTATA,AACTATATGAACTATATGATAATC,test_organism
28,seq_28,GCATTATAT,GCCTTATAT,test_organism
29,seq_29,ATTATAAGC,ATAATCAGC,test_organism
30,seq_30,GCATTATATATTATAATTATATCGTCC,GCCTTATATATCATCATCATTTCGTCC,test_organism
31,seq_31,AATTATATG,AACTATATG,test_organism
32,seq_32,ATTATA,ATCATC,test_organism
33,seq_33,GCATTATATAGT,GCTTTATATAGT,test_organism
34,seq_34,ATTATAATTATAAGT,ATAATCATAATCAGT,test_organism
35,seq_35,AATTATATGATTATA,AACTATATGATCATC,test_organism
36,seq_36,GCATTATATATTATAATTATATCT,GCTTTATATATAATTATCATCTCT,test_organism
37,seq_37,GCATTATATGCATTATAT,GCGTTATATGCCTTATAT,test_organism
38,seq_38,ATCATCATAATTATAATCTCCTCA,ATCATCATAATTATAATCTCCTCA,test_organism
39,seq_39,GCATTATATAATTATATGATTATAAGC,GCGTTATATAACTATATGATCATCAGC,test_organism
40,seq_40,ATCATTATAATCAACTATATG,ATCATTATAATCAACTATATG,test_organism
41,seq_41,GCATTATAT,GCGTTATAT,test_organism
42,seq_42,AATTATATGTCG,AACTATATGTCG,test_organism
43,seq_43,GCATTATATAATTATATGAGTAGT,GCGTTATATAACTATATGAGTAGT,test_organism
44,seq_44,ATTATAAGT,ATCATTAGT,test_organism
45,seq_45,AATTATATGAATTATATG,AACTATATGAACTATATG,test_organism
46,seq_46,ATCATTATAATTATAATTAGTAGC,ATCATTATAATTATAATTAGTAGC,test_organism
47,seq_47,GCATTATATAATTATATGTCCTCC,GCGTTATATAACTATATGTCCTCC,test_organism
48,seq_48,AATTATATGATTATAGCATTATAT,AACTATATGATAATTGCCTTATAT,test_organism
49,seq_49,GCATTATATGCATTATATTCT,GCCTTATATGCGTTATATTCT,test_organism
50,seq_50,GCATTATATGCATTATATAATTATATG,GCGTTATATGCGTTATATAACTATATG,test_organism
51,seq_51,AATTATATGGCATTATATTCT,AACTATATGGCGTTATATTCT,test_organism
52,seq_52,AATTATATGAATTATATG,AACTATATGAACTATATG,test_organism
53,seq_53,GCATTATATAATTATATGAGT,GCCTTATATAACTATATGAGT,test_organism
54,seq_54,GCATTATATTCT,GCGTTATATTCT,test_organism
55,seq_55,AATTATATGTCAAGC,AACTATATGTCAAGC,test_organism
56,seq_56,AATTATATGATTATAAGT,AACTATATGATAATCAGT,test_organism
57,seq_57,ATTATA,ATAATT,test_organism
58,seq_58,GCATTATATAGT,GCCTTATATAGT,test_organism
59,seq_59,ATTATAGCATTATAT,ATAATTGCCTTATAT,test_organism
60,seq_60,ATTATAATTATAAGT,ATAATCATAATTAGT,test_organism
61,seq_61,GCATTATATGCATTATAT,GCTTTATATGCGTTATAT,test_organism
62,seq_62,AATTATATGTCA,AACTATATGTCA,test_organism
63,seq_63,GCATTATATAATTATATGAATTATATGAGC,GCTTTATATAACTATATGAACTATATGAGC,test_organism
64,seq_64,GCATTATATTCCTCC,GCGTTATATTCCTCC,test_organism
65,seq_65,ATTATAAGC,ATCATCAGC,test_organism
66,seq_66,GCATTATATTCG,GCGTTATATTCG,test_organism
67,seq_67,AATTATATGGCATTATATGCATTATATTCG,AACTATATGGCCTTATATGCCTTATATTCG,test_organism
68,seq_68,AATTATATGAATTATATG,AACTATATGAACTATATG,test_organism
69,seq_69,GCATTATATTCG,GCCTTATATTCG,test_organism
70,seq_70,ATTATAAATTATATGGCATTATAT,ATCATCAACTATATGGCTTTATAT,test_organism
71,seq_71,ATTATAAATTATATG,ATAATCAACTATATG,test_organism
72,seq_72,GCATTATATAATTATATG,GCGTTATATAACTATATG,test_organism
73,seq_73,AATTATATGGCATTATATATTATATCCAGC,AACTATATGGCTTTATATATCATTTCCAGC,test_organism
74,seq_74,GCATTATATAGTAGT,GCTTTATATAGTAGT,test_organism
75,seq_75,ATTATAATTATAATTATATCG,ATCATCATAATCATCATTTCG,test_organism
76,seq_76,ATTATAAATTATATGAGTTCT,ATCATTAACTATATGAGTTCT,test_organism
77,seq_77,AATTATATGAATTATATG,AACTATATGAACTATATG,test_organism
78,seq_78,ATTATAAATTATATGTCA,ATAATCAACTATATGTCA,test_organism
79,seq_79,GCATTATATGCATTATATGCATTATATAGC,GCCTTATATGCCTTATATGCTTTATATAGC,test_organism
80,seq_80,GCATTATATAATTATATGGCATTATATTCA,GCGTTATATAACTATATGGCGTTATATTCA,test_organism
81,seq_81,GCATTATATAATTATATGAGT,GCGTTATATAACTATATGAGT,test_organism
82,seq_82,GCATTATATAATTATATGGCATTATAT,GCTTTATATAACTATATGGCGTTATAT,test_organism
83,seq_83,GCATTATATGCATTATATAATTATATGTCC,GCTTTATATGCTTTATATAACTATATGTCC,test_organism
84,seq_84,GCATTATAT,GCTTTATAT,test_organism
85,seq_85,GCATTATATGCATTATATAATTATATG,GCGTTATATGCTTTATATAACTATATG,test_organism
86,seq_86,AATTATATGGCATTATAT,AACTATATGGCGTTATAT,test_organism
87,seq_87,GCATTATATAATTATATG,GCTTTATATAACTATATG,test_organism
88,seq_88,ATTATAAATTATATGAATTATATGAGT,ATAATCAACTATATGAACTATATGAGT,test_organism
89,seq_89,ATTATAAATTATATGATTATA,ATAATTAACTATATGATAATT,test_organism
90,seq_90,ATTATAATTATAAATTATATGAGTTCT,ATCATCATCATCAACTATATGAGTTCT,test_organism
91,seq_91,GCATTATAT,GCCTTATAT,test_organism
92,seq_92,AATTATATGAATTATATGAGC,AACTATATGAACTATATGAGC,test_organism
93,seq_93,GCATTATATTCA,GCGTTATATTCA,test_organism
94,seq_94,ATTATAGCATTATATAGTAGC,ATCATCGCCTTATATAGTAGC,test_organism
95,seq_95,GCATTATATAATTATATGATTATAAGTTCT,GCTTTATATAACTATATGATAATCAGTTCT,test_organism
96,seq_96,ATTATA,ATCATT,test_organism
97,seq_97,ATTATAGCATTATATGCATTATATTCA,ATAATTGCGTTATATGCCTTATATTCA,test_organism
98,seq_98,ATTATATCA,ATCATTTCA,test_organism
99,seq_99,ATTATAGCATTATATAATTATATGTCTAGT,ATCATCGCCTTATATAACTATATGTCTAGT,test_organism
100,seq_100,AATTATATG,AACTATATG,test_organism
